value,function_name
1,resnet50-inference
1,speech-inference
1,resnet50-preprocessing
1,resnet50-inference
1,speech-inference
1,resnet50-inference
1,speech-inference
1,resnet50-inference
1,speech-inference
1,resnet50-inference
1,speech-inference
1,resnet50-inference
1,speech-inference
1,resnet50-inference
1,speech-inference
1,resnet50-inference
1,speech-inference
1,resnet50-inference
1,speech-inference
1,resnet50-inference
1,speech-inference
1,resnet50-inference
1,speech-inference
1,resnet50-inference
1,speech-inference
1,resnet50-inference
1,speech-inference
1,resnet50-inference
1,speech-inference
1,resnet50-inference
1,speech-inference
1,resnet50-inference
1,speech-inference
1,resnet50-inference
1,speech-inference
1,resnet50-inference
1,speech-inference
1,resnet50-inference
1,speech-inference
1,resnet50-inference
1,speech-inference
